ID,NAME
1625608,Royal Suite Cabin with Balcony
1419541,Single Outside Cabin
1419514,Balcony Cabin
1419547,Decks 2/3 Inside Cabin
1419550,Decks 2/3 Outside Cabin
1419553,Decks 6/7/8 Inside Cabin
1419559,Decks 7/8 Inside Plus Cabin
1419538,Deluxe Balcony Cabin
1419508,Deluxe Cabin
1625617,Executive Suite Cabin with Balcony
1561324,Executive Suite Cabin with Balcony Premier Service
1625620,Family Junior Suite Cabin with Balcony
1561327,Family Junior Suite Cabin with Balcony Premier Service
1625611,Family Suite Cabin with Balcony
1561318,Family Suite Cabin with Balcony Premier Service
1561312,Grand Suite Cabin with Balcony Premier Service
1419517,Outside Cabin
1625614,Junior Suite Cabin with Balcony
1561321,Junior Suite Cabin with Balcony Premier Service
1561315,Royal Suite Cabin with Balcony Premier Service
1419511,Inside Cabin
1419535,Single Inside Cabin
78730,Balcony Cabin
78760,Junior Suite
78754,Deluxe Balcony Cabin
78751,Deck 2 | Deck 3 Outside Cabin
78739,Deck 2 | Deck 3 Outside Cabin
78766,Executive Suite
78769,Grand Suite
78763,Family Suite
78721,Single Outside
78757,Deluxe Cabin
78736,Deluxe Balcony Cabin
78745,Deck 6 | Deck 7 | Deck 8 Inside Cabin
78748,Deck 7 | Deck 8 Inside Plus Cabin
78724,Single Inside
78727,Junior Suite
78742,Deck 2 | Deck 3 Inside Cabin
78733,Deck 2 | Deck 3 Inside Cabin
234811,Junior Suite
234814,Family Suite
234817,Executive Suite
234820,Grand Suite
1471780,Grand Suite Cabin with Balcony Premier Service
1471783,Royal Suite Cabin with Balcony Premier Service
1471786,Family Suite Cabin with Balcony Premier Service
1471789,Junior Suite Cabin with Balcony Premier Service
1471798,Executive Suite Cabin with Balcony Premier Service
1471810,Family Junior Suite Cabin with Balcony Premier Service
234772,Single Outside
234775,Single Inside
234778,Junior Suite
234781,Balcony Cabin
234784,Deck 2 | Deck 3 Inside Cabin
234787,Deluxe Balcony Cabin
234790,Deck 2 | Deck 3 Outside Cabin
234793,Deck 2 | Deck 3 Inside Cabin
234796,Deck 6 | Deck 7 | Deck 8 Inside Cabin
234799,Deck 7 | Deck 8 Inside Plus Cabin
234802,Deck 2 | Deck 3 Outside Cabin
234805,Deluxe Balcony Cabin
234808,Deluxe Cabin
1419580,Deluxe Cabin
1419583,Inside Cabin
1419586,Balcony Cabin
1419589,Outside Cabin
1419607,Single Inside Cabin
1419610,Deluxe Balcony Cabin
1419613,Single Outside Cabin
1419619,Decks 2/3 Inside Cabin
1419622,Decks 2/3 Outside Cabin
1419625,Decks 6/7/8 Inside Cabin
1419631,Decks 7/8 Inside Plus Cabin
1625641,Grand Suite Cabin with Balcony
1625644,Royal Suite Cabin with Balcony
1625647,Family Suite Cabin with Balcony
1625650,Junior Suite Cabin with Balcony
1625653,Executive Suite Cabin with Balcony
1625656,Family Junior Suite Cabin with Balcony
1505470,Inside Cabin
1505473,Balcony Cabin
1505476,Outside Cabin
1505479,Single Inside Cabin
1505482,Single Outside Cabin
1505485,Balcony Cabin (Large Balcony)
1505488,Family Balcony Cabin with Premier Service
1505491,Executive Suite Cabin with Premier Service
1505494,Balcony Junior Suite Cabin with Premier Service
1625659,Decks 4/5 Inside Cabin
1625662,Decks 8/9 Inside Cabin
1625665,Deck 10/12 Inside Cabin
1625668,Decks 4/5 Outside Cabin
1625671,Decks 8/9 Outside Cabin
